outcome,model,weighting,regime,estimate,hac_se,t_stat,p_value,ci_lower,ci_upper,n_months,hac_lag,significance
D10_minus_D1,Elastic Net,EW,LOW,0.005373953215885783,0.0029980203156762582,1.7925006004082362,0.07305281309156264,-0.0005020586277590857,0.011249965059530652,173,6,*
D10_minus_D1,Elastic Net,EW,HIGH,0.0009266896640252552,0.005664870430000784,0.16358532387917776,0.8700575989064219,-0.010176252355862208,0.012029631683912717,138,6,
D10_minus_D1,Elastic Net,VW,LOW,0.00014156337045726029,0.0032083662925222276,0.0441231946574191,0.9648062041238039,-0.006146719012098604,0.006429845753013125,173,6,
D10_minus_D1,Elastic Net,VW,HIGH,-0.001832490827709367,0.005605616816356028,-0.3269026206647837,0.7437415388923307,-0.012819297898899257,0.009154316243480523,138,6,
D10_minus_D1,XGBoost,EW,LOW,0.009804788499625653,0.0026638017027391624,3.6807501435048566,0.0002325487963532602,0.004583833100300425,0.015025743898950882,173,6,***
D10_minus_D1,XGBoost,EW,HIGH,0.0015751268931517247,0.005793781143296963,0.2718651005611502,0.7857257465676197,-0.009780475482017619,0.012930729268321067,138,6,
D10_minus_D1,XGBoost,VW,LOW,0.0005393973971231238,0.0031792506491689736,0.16966180293589536,0.8652761153233985,-0.00569181937307365,0.006770614167319898,173,6,
D10_minus_D1,XGBoost,VW,HIGH,0.00023873376217230726,0.006782064408061821,0.03520075124744099,0.9719196631949978,-0.01305386821845982,0.013531335742804435,138,6,
spearman_ic,Elastic Net,,LOW,0.009569296109418117,0.008252739537011885,1.1595296406122766,0.24624036177598674,-0.006605776156914935,0.02574436837575117,173,6,
spearman_ic,Elastic Net,,HIGH,-0.005159639468973397,0.012815097668171202,-0.4026219387924268,0.6872263677809385,-0.030276769356952178,0.01995749041900538,138,6,
spearman_ic,XGBoost,,LOW,0.018672284332704642,0.007532787869420899,2.478801295932434,0.013182472171715087,0.003908291405459476,0.03343627725994981,173,6,**
spearman_ic,XGBoost,,HIGH,-0.0017775147050858012,0.012467118685130974,-0.14257622390374536,0.8866248761893838,-0.026212618318928856,0.022657588908757256,138,6,
