model,weighting,regime_definition,regime,mean_monthly_return,hac_se,t_stat,p_value,ci_lower,ci_upper,n_months,hac_lag,significance
Elastic Net,EW,overall,OVERALL,0.003400569389015192,0.0031583486273370847,1.0766922180729404,0.28161779009582144,-0.0027896801711870096,0.009590818949217393,311,6,
Elastic Net,EW,three_state,LOW,0.004863835380529504,0.002811588891964325,1.7299240989429898,0.08364383699864408,-0.0006467775870534487,0.010374448348112457,104,6,*
Elastic Net,EW,three_state,MIDDLE,0.0067023619893418545,0.005452295473750944,1.2292734356766102,0.21896930358764277,-0.0039839407722807455,0.017388664750964455,108,6,
Elastic Net,EW,three_state,HIGH,-0.0017385544892955956,0.006640078351405822,-0.2618274058358834,0.7934545091168648,-0.0147528689125751,0.011275759933983909,99,6,
Elastic Net,VW,overall,OVERALL,-0.0007343835084719827,0.003153868068149126,-0.23285168960886873,0.8158765734003015,-0.0069158513340351856,0.005447084317091219,311,6,
Elastic Net,VW,three_state,LOW,0.0034445517578735744,0.0030815779531967223,1.1177882922936657,0.2636574229590092,-0.0025952300459446565,0.009484333561691805,104,6,
Elastic Net,VW,three_state,MIDDLE,-0.0031360268631393058,0.004661393227009765,-0.6727659972919801,0.5010961731487338,-0.012272189705857382,0.006000135979578772,108,6,
Elastic Net,VW,three_state,HIGH,-0.0025044015427736726,0.007189405236746628,-0.34834613717044727,0.7275802485091041,-0.01659537687706072,0.011586573791513375,99,6,
XGBoost,EW,overall,OVERALL,0.006153041548843012,0.0032194951643850847,1.9111821060983725,0.05598118258956264,-0.00015705302175261348,0.01246313611943864,311,6,*
XGBoost,EW,three_state,LOW,0.008133484170744462,0.002534634645676795,3.208937502932565,0.0013322644753601676,0.0031656915512505036,0.01310127679023842,104,6,***
XGBoost,EW,three_state,MIDDLE,0.012008979014714732,0.005355895127447911,2.242198312131071,0.024948558200307502,0.0015116174599432673,0.022506340569486197,108,6,**
XGBoost,EW,three_state,HIGH,-0.002315718845014535,0.006613371711563388,-0.35015706753115555,0.726220824739467,-0.015277689216054787,0.010646251526025717,99,6,
XGBoost,VW,overall,OVERALL,0.00040598395138931895,0.0038385876148835773,0.10576388821116756,0.9157696890733698,-0.007117509525283998,0.007929477428062636,311,6,
XGBoost,VW,three_state,LOW,0.001707745606922333,0.0031685582614507735,0.5389661372804978,0.5899102203206015,-0.0045025144684380305,0.007918005682282696,104,6,
XGBoost,VW,three_state,MIDDLE,0.000888211118318021,0.006040467566986909,0.1470434380233046,0.8830977343541349,-0.010950887762758602,0.012727309999394646,108,6,
XGBoost,VW,three_state,HIGH,-0.001487589242587781,0.008397639965630714,-0.1771437271276316,0.859395495730191,-0.017946661130358154,0.014971482645182593,99,6,
