model,weighting,comparison,estimated_difference,hac_se,t_stat,raw_p_value,holm_p_value,bh_fdr_p_value,ci_lower,ci_upper,n_months,hac_lag,raw_significance,adjusted_significance
Elastic Net,EW,MIDDLE - LOW,0.0018385266088123805,0.005460991932654037,0.336665322250139,0.7363692076204547,0.7688607995647061,0.7363692076204547,-0.008864820899053313,0.012541874116678075,311,6,,
Elastic Net,EW,HIGH - LOW,-0.006602389869825049,0.006850855090683754,-0.9637322323170162,0.33518019006565547,0.7688607995647061,0.5027702850984832,-0.02002981911086809,0.006825039371217992,311,6,,
Elastic Net,EW,HIGH - MIDDLE,-0.00844091647863743,0.007435548706624364,-1.135210972542938,0.25628693318823537,0.7688607995647061,0.5027702850984832,-0.02301432414891456,0.006132491191639701,311,6,,
Elastic Net,VW,MIDDLE - LOW,-0.006580578621012831,0.005253763858255415,-1.252545565151838,0.21037113590930479,0.6311134077279144,0.6311134077279144,-0.01687776656647164,0.003716609324445979,311,6,,
Elastic Net,VW,HIGH - LOW,-0.005948953300647182,0.007840068015560428,-0.7587884810233927,0.4479790973782256,0.8959581947564512,0.6719686460673384,-0.021315204247490033,0.009417297646195666,311,6,,
Elastic Net,VW,HIGH - MIDDLE,0.0006316253203656483,0.008748533528683173,0.07219785102209243,0.942444455348558,0.942444455348558,0.942444455348558,-0.01651518531339448,0.017778435954125774,311,6,,
XGBoost,EW,MIDDLE - LOW,0.003875494843970299,0.005473762075070452,0.7080130248299874,0.478937169090802,0.478937169090802,0.478937169090802,-0.006852881683109015,0.014603871371049612,311,6,,
XGBoost,EW,HIGH - LOW,-0.010449203015758947,0.006886476759215539,-1.5173510898407867,0.12917806559003475,0.2583561311800695,0.19376709838505213,-0.02394644944419351,0.003048043412675616,311,6,,
XGBoost,EW,HIGH - MIDDLE,-0.014324697859729247,0.007358909231558592,-1.9465789574218357,0.051585233390824214,0.15475570017247264,0.15475570017247264,-0.02874789491908341,9.849919962491571e-05,311,6,*,
XGBoost,VW,MIDDLE - LOW,-0.0008195344886042729,0.006599585220465072,-0.12417969633347964,0.9011729977747742,1.0,0.9011729977747742,-0.013754483833618644,0.012115414856410097,311,6,,
XGBoost,VW,HIGH - LOW,-0.003195334849510063,0.00861367587582234,-0.3709606555406878,0.7106668364891398,1.0,0.9011729977747742,-0.02007782934062335,0.013687159641603223,311,6,,
XGBoost,VW,HIGH - MIDDLE,-0.0023758003609057905,0.009623380708063286,-0.24687793541360606,0.8050026928643566,1.0,0.9011729977747742,-0.02123727995822739,0.016485679236415807,311,6,,
