model,weighting,regime_definition,regime,mean_monthly_return,hac_se,t_stat,p_value,ci_lower,ci_upper,n_months,hac_lag,significance,panel,comparison,estimated_difference,raw_p_value,holm_p_value,bh_fdr_p_value,raw_significance,adjusted_significance,mean_spearman_ic
Elastic Net,EW,overall,OVERALL,0.003400569389015192,0.0031583486273370847,1.0766922180729404,0.28161779009582144,-0.0027896801711870096,0.009590818949217393,311,6,,D10-D1 mean inference,,,,,,,,
Elastic Net,EW,three_state,LOW,0.004863835380529504,0.002811588891964325,1.7299240989429898,0.08364383699864408,-0.0006467775870534487,0.010374448348112457,104,6,*,D10-D1 mean inference,,,,,,,,
Elastic Net,EW,three_state,MIDDLE,0.0067023619893418545,0.005452295473750944,1.2292734356766102,0.21896930358764277,-0.0039839407722807455,0.017388664750964455,108,6,,D10-D1 mean inference,,,,,,,,
Elastic Net,EW,three_state,HIGH,-0.0017385544892955956,0.006640078351405822,-0.2618274058358834,0.7934545091168648,-0.0147528689125751,0.011275759933983909,99,6,,D10-D1 mean inference,,,,,,,,
Elastic Net,VW,overall,OVERALL,-0.0007343835084719827,0.003153868068149126,-0.23285168960886873,0.8158765734003015,-0.0069158513340351856,0.005447084317091219,311,6,,D10-D1 mean inference,,,,,,,,
Elastic Net,VW,three_state,LOW,0.0034445517578735744,0.0030815779531967223,1.1177882922936657,0.2636574229590092,-0.0025952300459446565,0.009484333561691805,104,6,,D10-D1 mean inference,,,,,,,,
Elastic Net,VW,three_state,MIDDLE,-0.0031360268631393058,0.004661393227009765,-0.6727659972919801,0.5010961731487338,-0.012272189705857382,0.006000135979578772,108,6,,D10-D1 mean inference,,,,,,,,
Elastic Net,VW,three_state,HIGH,-0.0025044015427736726,0.007189405236746628,-0.34834613717044727,0.7275802485091041,-0.01659537687706072,0.011586573791513375,99,6,,D10-D1 mean inference,,,,,,,,
XGBoost,EW,overall,OVERALL,0.006153041548843012,0.0032194951643850847,1.9111821060983725,0.05598118258956264,-0.00015705302175261348,0.01246313611943864,311,6,*,D10-D1 mean inference,,,,,,,,
XGBoost,EW,three_state,LOW,0.008133484170744462,0.002534634645676795,3.208937502932565,0.0013322644753601676,0.0031656915512505036,0.01310127679023842,104,6,***,D10-D1 mean inference,,,,,,,,
XGBoost,EW,three_state,MIDDLE,0.012008979014714732,0.005355895127447911,2.242198312131071,0.024948558200307502,0.0015116174599432673,0.022506340569486197,108,6,**,D10-D1 mean inference,,,,,,,,
XGBoost,EW,three_state,HIGH,-0.002315718845014535,0.006613371711563388,-0.35015706753115555,0.726220824739467,-0.015277689216054787,0.010646251526025717,99,6,,D10-D1 mean inference,,,,,,,,
XGBoost,VW,overall,OVERALL,0.00040598395138931895,0.0038385876148835773,0.10576388821116756,0.9157696890733698,-0.007117509525283998,0.007929477428062636,311,6,,D10-D1 mean inference,,,,,,,,
XGBoost,VW,three_state,LOW,0.001707745606922333,0.0031685582614507735,0.5389661372804978,0.5899102203206015,-0.0045025144684380305,0.007918005682282696,104,6,,D10-D1 mean inference,,,,,,,,
XGBoost,VW,three_state,MIDDLE,0.000888211118318021,0.006040467566986909,0.1470434380233046,0.8830977343541349,-0.010950887762758602,0.012727309999394646,108,6,,D10-D1 mean inference,,,,,,,,
XGBoost,VW,three_state,HIGH,-0.001487589242587781,0.008397639965630714,-0.1771437271276316,0.859395495730191,-0.017946661130358154,0.014971482645182593,99,6,,D10-D1 mean inference,,,,,,,,
Elastic Net,EW,,,,0.005460991932654037,0.336665322250139,,-0.008864820899053313,0.012541874116678075,311,6,,D10-D1 regime differences,MIDDLE - LOW,0.0018385266088123805,0.7363692076204547,0.7688607995647061,0.7363692076204547,,,
Elastic Net,EW,,,,0.006850855090683754,-0.9637322323170162,,-0.02002981911086809,0.006825039371217992,311,6,,D10-D1 regime differences,HIGH - LOW,-0.006602389869825049,0.33518019006565547,0.7688607995647061,0.5027702850984832,,,
Elastic Net,EW,,,,0.007435548706624364,-1.135210972542938,,-0.02301432414891456,0.006132491191639701,311,6,,D10-D1 regime differences,HIGH - MIDDLE,-0.00844091647863743,0.25628693318823537,0.7688607995647061,0.5027702850984832,,,
Elastic Net,VW,,,,0.005253763858255415,-1.252545565151838,,-0.01687776656647164,0.003716609324445979,311,6,,D10-D1 regime differences,MIDDLE - LOW,-0.006580578621012831,0.21037113590930479,0.6311134077279144,0.6311134077279144,,,
Elastic Net,VW,,,,0.007840068015560428,-0.7587884810233927,,-0.021315204247490033,0.009417297646195666,311,6,,D10-D1 regime differences,HIGH - LOW,-0.005948953300647182,0.4479790973782256,0.8959581947564512,0.6719686460673384,,,
Elastic Net,VW,,,,0.008748533528683173,0.07219785102209243,,-0.01651518531339448,0.017778435954125774,311,6,,D10-D1 regime differences,HIGH - MIDDLE,0.0006316253203656483,0.942444455348558,0.942444455348558,0.942444455348558,,,
XGBoost,EW,,,,0.005473762075070452,0.7080130248299874,,-0.006852881683109015,0.014603871371049612,311,6,,D10-D1 regime differences,MIDDLE - LOW,0.003875494843970299,0.478937169090802,0.478937169090802,0.478937169090802,,,
XGBoost,EW,,,,0.006886476759215539,-1.5173510898407867,,-0.02394644944419351,0.003048043412675616,311,6,,D10-D1 regime differences,HIGH - LOW,-0.010449203015758947,0.12917806559003475,0.2583561311800695,0.19376709838505213,,,
XGBoost,EW,,,,0.007358909231558592,-1.9465789574218357,,-0.02874789491908341,9.849919962491571e-05,311,6,,D10-D1 regime differences,HIGH - MIDDLE,-0.014324697859729247,0.051585233390824214,0.15475570017247264,0.15475570017247264,*,,
XGBoost,VW,,,,0.006599585220465072,-0.12417969633347964,,-0.013754483833618644,0.012115414856410097,311,6,,D10-D1 regime differences,MIDDLE - LOW,-0.0008195344886042729,0.9011729977747742,1.0,0.9011729977747742,,,
XGBoost,VW,,,,0.00861367587582234,-0.3709606555406878,,-0.02007782934062335,0.013687159641603223,311,6,,D10-D1 regime differences,HIGH - LOW,-0.003195334849510063,0.7106668364891398,1.0,0.9011729977747742,,,
XGBoost,VW,,,,0.009623380708063286,-0.24687793541360606,,-0.02123727995822739,0.016485679236415807,311,6,,D10-D1 regime differences,HIGH - MIDDLE,-0.0023758003609057905,0.8050026928643566,1.0,0.9011729977747742,,,
Elastic Net,,overall,OVERALL,,0.007741834182282478,0.39184860778324054,0.6951700773995027,-0.012140089225538662,0.018207343117570843,311,6,,Rank IC mean inference,,,,,,,,0.003033626946016091
Elastic Net,,three_state,LOW,,0.008681809433239785,0.8099157212370681,0.4179886155868069,-0.00998449986102489,0.024047567758555252,104,6,,Rank IC mean inference,,,,,,,,0.007031533948765182
Elastic Net,,three_state,MIDDLE,,0.013438749407224327,0.9356588271880454,0.3494488756666554,-0.013765380326181121,0.038913549344656226,108,6,,Rank IC mean inference,,,,,,,,0.012574084509237554
Elastic Net,,three_state,HIGH,,0.014761647279315034,-0.7840565636052156,0.4330069211164038,-0.04050626345891316,0.01735833058096911,99,6,,Rank IC mean inference,,,,,,,,-0.011573966438972025
XGBoost,,overall,OVERALL,,0.007483128178422451,1.2826316414025034,0.19962115930183866,-0.005068564743089508,0.024264758699720133,311,6,,Rank IC mean inference,,,,,,,,0.009598096978315313
XGBoost,,three_state,LOW,,0.00759658912496962,1.6261396098892367,0.10391995945519383,-0.0025359266141221793,0.02724215556645601,104,6,,Rank IC mean inference,,,,,,,,0.012353114476166915
XGBoost,,three_state,MIDDLE,,0.012371319672323553,1.72105473282608,0.08524089245876754,-0.0029556227256291832,0.04553905927234286,108,6,*,Rank IC mean inference,,,,,,,,0.02129171827335684
XGBoost,,three_state,HIGH,,0.013968540996352368,-0.4333122976406119,0.6647879052561119,-0.03343057786323841,0.02132509667560535,99,6,,Rank IC mean inference,,,,,,,,-0.006052740593816527
Elastic Net,,,,,0.015465752032894851,0.358375754937988,,-0.02476976641782861,0.03585486753877344,311,6,,Rank IC regime differences,MIDDLE - LOW,0.005542550560472415,0.7200621331263375,0.7200621331263375,0.7200621331263375,,,
Elastic Net,,,,,0.01575796576890802,-1.180704455168165,,-0.049490545764411864,0.012279544988937595,311,6,,Rank IC regime differences,HIGH - LOW,-0.018605500387737135,0.2377201510478142,0.4754403020956284,0.3565802265717213,,,
Elastic Net,,,,,0.016676975173033404,-1.4479874616145525,,-0.05683432165842365,0.00853821976200455,311,6,,Rank IC regime differences,HIGH - MIDDLE,-0.02414805094820955,0.147620557239712,0.44286167171913604,0.3565802265717213,,,
XGBoost,,,,,0.014344814042085392,0.6231244107428322,,-0.019176715090221834,0.03705392268460176,311,6,,Rank IC regime differences,MIDDLE - LOW,0.008938603797189965,0.5332027695416113,0.5332027695416113,0.5332027695416113,,,
XGBoost,,,,,0.014499856579421013,-1.2693818707218083,,-0.04682505174664468,0.010013341606677956,311,6,,Rank IC regime differences,HIGH - LOW,-0.018405855069983365,0.20430489897745896,0.4086097979549179,0.30645734846618844,,,
XGBoost,,,,,0.01536585447675158,-1.7795599267548243,,-0.05746098023328997,0.002772062498943316,311,6,,Rank IC regime differences,HIGH - MIDDLE,-0.027344458867173328,0.07514800933982224,0.22544402801946672,0.22544402801946672,*,,
